Fri Jan 03 2020 10:44:21 GMT-0800 (Pacific Standard Time),Iure quos voluptatem soluta et.,1,2
Fri Jan 03 2020 08:34:45 GMT-0800 (Pacific Standard Time),Odio ipsa a et omnis repellendus recusandae natus ipsa.,1,1
Fri Jan 03 2020 00:34:10 GMT-0800 (Pacific Standard Time),Dolorem voluptatem sed id velit voluptatem itaque porro soluta aut.,1,2
Fri Jan 03 2020 09:29:24 GMT-0800 (Pacific Standard Time),Culpa et quas.,1,1
Fri Jan 03 2020 09:10:01 GMT-0800 (Pacific Standard Time),Quidem omnis omnis eos sed.,1,3
Thu Jan 02 2020 22:48:15 GMT-0800 (Pacific Standard Time),Et doloremque veniam ut enim ut quis voluptas suscipit voluptas.,1,1
Fri Jan 03 2020 10:00:20 GMT-0800 (Pacific Standard Time),Ut sunt soluta officiis consequatur ea ea.,1,3
Thu Jan 02 2020 16:34:47 GMT-0800 (Pacific Standard Time),Voluptatum et tenetur nihil velit mollitia est excepturi.,2,3
Fri Jan 03 2020 10:09:28 GMT-0800 (Pacific Standard Time),Quia autem expedita.,2,2
Fri Jan 03 2020 09:20:15 GMT-0800 (Pacific Standard Time),Vero similique consequuntur error est dignissimos quis.,2,1
Fri Jan 03 2020 03:44:30 GMT-0800 (Pacific Standard Time),Sapiente similique ut ab.,2,1
Fri Jan 03 2020 10:51:12 GMT-0800 (Pacific Standard Time),Maiores architecto eum aut et in ea illo.,2,1
Thu Jan 02 2020 13:11:19 GMT-0800 (Pacific Standard Time),Consequatur aut consequatur praesentium dolorem molestias veritatis doloribus enim corporis.,2,1
Fri Jan 03 2020 01:53:26 GMT-0800 (Pacific Standard Time),Nemo ad tempore quam dignissimos nesciunt.,3,3
Fri Jan 03 2020 08:11:49 GMT-0800 (Pacific Standard Time),Voluptates velit vel maiores quae qui minus explicabo.,3,2
Thu Jan 02 2020 18:42:00 GMT-0800 (Pacific Standard Time),Nihil minima reprehenderit est saepe velit nesciunt laborum.,3,3
Thu Jan 02 2020 11:22:36 GMT-0800 (Pacific Standard Time),Asperiores provident dolores voluptatem.,3,1
Thu Jan 02 2020 21:22:37 GMT-0800 (Pacific Standard Time),Quibusdam eos rerum aliquid quaerat consequuntur dicta sapiente.,3,3
Fri Jan 03 2020 08:29:10 GMT-0800 (Pacific Standard Time),Est tempora saepe ut necessitatibus sed.,4,1
Fri Jan 03 2020 06:53:22 GMT-0800 (Pacific Standard Time),Fuga voluptatem placeat laudantium et.,4,2
Thu Jan 02 2020 14:04:15 GMT-0800 (Pacific Standard Time),Deleniti tempore autem quaerat.,4,1
Thu Jan 02 2020 21:57:57 GMT-0800 (Pacific Standard Time),Esse consequuntur voluptas et omnis nobis id dolor quo.,4,1
Thu Jan 02 2020 13:43:07 GMT-0800 (Pacific Standard Time),Sequi mollitia qui id qui aut laborum odio dolorem.,4,1
Fri Jan 03 2020 02:24:06 GMT-0800 (Pacific Standard Time),Asperiores tenetur dolor enim possimus corporis molestiae autem aut.,4,3
Thu Jan 02 2020 20:54:02 GMT-0800 (Pacific Standard Time),Quibusdam sint eum qui aliquam sunt.,4,3
Fri Jan 03 2020 09:16:59 GMT-0800 (Pacific Standard Time),Sint ipsam explicabo accusamus.,4,1
Thu Jan 02 2020 21:36:44 GMT-0800 (Pacific Standard Time),Nulla dolorem cumque quae deserunt nihil.,4,3
Fri Jan 03 2020 08:11:38 GMT-0800 (Pacific Standard Time),Rem quas maxime nemo quas qui.,5,3
Fri Jan 03 2020 10:26:17 GMT-0800 (Pacific Standard Time),Quis et incidunt ea sit sed architecto sint.,5,3
Fri Jan 03 2020 09:53:01 GMT-0800 (Pacific Standard Time),Sequi ratione et.,5,1
Fri Jan 03 2020 09:38:23 GMT-0800 (Pacific Standard Time),Possimus iure eum.,5,2
Fri Jan 03 2020 00:48:53 GMT-0800 (Pacific Standard Time),Temporibus rem sunt ut.,5,1
Fri Jan 03 2020 07:09:32 GMT-0800 (Pacific Standard Time),Enim magnam est dolorem adipisci.,6,2
Thu Jan 02 2020 19:32:16 GMT-0800 (Pacific Standard Time),Reiciendis consequatur aut corrupti tenetur.,6,3
Thu Jan 02 2020 20:40:28 GMT-0800 (Pacific Standard Time),Aut omnis et voluptas vero et quaerat est delectus.,6,1
Thu Jan 02 2020 19:05:29 GMT-0800 (Pacific Standard Time),Nihil non est velit non.,6,2
Thu Jan 02 2020 11:26:23 GMT-0800 (Pacific Standard Time),Aut cupiditate culpa est officia ab.,6,1
Fri Jan 03 2020 02:47:28 GMT-0800 (Pacific Standard Time),Ipsam qui excepturi corporis et.,6,1
Fri Jan 03 2020 03:36:58 GMT-0800 (Pacific Standard Time),Sunt quaerat labore amet fugit commodi porro veniam.,6,3
Thu Jan 02 2020 23:25:32 GMT-0800 (Pacific Standard Time),Soluta quod est ea enim et officia assumenda est necessitatibus.,7,2
Fri Jan 03 2020 06:51:55 GMT-0800 (Pacific Standard Time),Consequatur amet qui voluptate eos ratione delectus sed repellat vel.,7,3
Fri Jan 03 2020 02:28:56 GMT-0800 (Pacific Standard Time),A ipsum nulla est.,7,3
Thu Jan 02 2020 18:32:50 GMT-0800 (Pacific Standard Time),Neque aspernatur nostrum quasi accusantium consectetur asperiores nisi et officiis.,7,2
Thu Jan 02 2020 13:07:11 GMT-0800 (Pacific Standard Time),Provident consectetur voluptatem pariatur iusto.,7,1
Fri Jan 03 2020 05:04:12 GMT-0800 (Pacific Standard Time),Molestias est modi incidunt error facere deleniti.,7,3
Fri Jan 03 2020 06:06:36 GMT-0800 (Pacific Standard Time),Cumque incidunt aut.,7,1
Thu Jan 02 2020 20:40:03 GMT-0800 (Pacific Standard Time),Qui quia non voluptatem.,7,1
Fri Jan 03 2020 05:07:50 GMT-0800 (Pacific Standard Time),Aliquam consequuntur deserunt.,8,3
Thu Jan 02 2020 13:17:59 GMT-0800 (Pacific Standard Time),Nihil ipsam est provident dolor beatae est laudantium occaecati.,8,2
Fri Jan 03 2020 09:06:36 GMT-0800 (Pacific Standard Time),Veniam provident est.,8,3
Fri Jan 03 2020 03:24:23 GMT-0800 (Pacific Standard Time),In magnam modi dolore culpa tenetur.,8,1
Thu Jan 02 2020 14:19:47 GMT-0800 (Pacific Standard Time),Culpa id autem eum perspiciatis et voluptates.,8,3
Fri Jan 03 2020 07:04:38 GMT-0800 (Pacific Standard Time),Aspernatur nemo cupiditate.,8,1
Thu Jan 02 2020 16:47:38 GMT-0800 (Pacific Standard Time),Quod vero ea totam officiis quibusdam perferendis sed maxime.,8,2
Thu Jan 02 2020 21:28:35 GMT-0800 (Pacific Standard Time),Dolorem nisi enim nemo vel.,8,2
Thu Jan 02 2020 12:45:33 GMT-0800 (Pacific Standard Time),Eligendi et velit tenetur non ut quia.,8,3
Thu Jan 02 2020 17:43:33 GMT-0800 (Pacific Standard Time),Voluptatum ut quasi corrupti et ipsam praesentium minima.,9,2
Fri Jan 03 2020 04:55:52 GMT-0800 (Pacific Standard Time),Iusto distinctio optio.,9,3
Fri Jan 03 2020 05:56:26 GMT-0800 (Pacific Standard Time),Perspiciatis itaque consequuntur omnis iste porro et.,9,2
Thu Jan 02 2020 18:59:42 GMT-0800 (Pacific Standard Time),Quia veniam deserunt earum voluptatem repudiandae ipsum sint sapiente impedit.,9,1
Fri Jan 03 2020 05:37:42 GMT-0800 (Pacific Standard Time),Facilis voluptatum qui neque dolorum.,9,3
Fri Jan 03 2020 05:03:02 GMT-0800 (Pacific Standard Time),Velit consequatur qui doloribus magnam molestiae officia voluptates.,9,2
Thu Jan 02 2020 15:08:10 GMT-0800 (Pacific Standard Time),Non et dolore eius hic enim corporis recusandae et.,9,3
Thu Jan 02 2020 13:35:24 GMT-0800 (Pacific Standard Time),Harum est vel qui voluptatem delectus alias.,10,2
Fri Jan 03 2020 03:57:56 GMT-0800 (Pacific Standard Time),Tenetur non minus magni.,10,2
Fri Jan 03 2020 08:08:05 GMT-0800 (Pacific Standard Time),Ipsum dolorem quasi nemo quaerat.,10,3
Fri Jan 03 2020 03:11:17 GMT-0800 (Pacific Standard Time),Consequatur corrupti sed.,10,2
Thu Jan 02 2020 15:18:53 GMT-0800 (Pacific Standard Time),Quo quo quis ipsa fugiat exercitationem architecto enim.,10,2
Fri Jan 03 2020 02:39:29 GMT-0800 (Pacific Standard Time),Assumenda voluptatem accusamus maxime id saepe modi.,10,2
Fri Jan 03 2020 06:50:52 GMT-0800 (Pacific Standard Time),Voluptas vel rerum.,10,1
Thu Jan 02 2020 13:09:30 GMT-0800 (Pacific Standard Time),Tempore qui cum nisi delectus dolorum doloribus sapiente.,10,3
Thu Jan 02 2020 18:24:43 GMT-0800 (Pacific Standard Time),Et laudantium nostrum tempora maiores voluptatum.,10,3
